{
    "version": 1,
    "author": "Nelly Fananda Melani",
    "editor": "wokwi",
    "parts": [
      { "type": "board-esp32-devkit-c-v4", "id": "esp", "top": 0, "left": 0, "attrs": {} },
      {
        "type": "wokwi-led",
        "id": "led1",
        "top": 140.4,
        "left": 109.4,
        "attrs": { "color": "red" }
      },
      {
        "type": "wokwi-pushbutton",
        "id": "btn1",
        "top": 83,
        "left": 163.2,
        "attrs": { "color": "green", "xray": "1" }
      },
      { "type": "wokwi-relay-module", "id": "relay1", "top": -67, "left": 105.6, "attrs": {} }
    ],
    "connections": [
      [ "esp:TX", "$serialMonitor:RX", "", [] ],
      [ "esp:RX", "$serialMonitor:TX", "", [] ],
      [ "esp:23", "relay1:IN", "green", [ "h0" ] ],
      [ "esp:GND.2", "relay1:GND", "black", [ "h-14.36", "v-66.8" ] ],
      [ "esp:3V3", "relay1:VCC", "red", [ "v-76.8", "h100.99" ] ],
      [ "btn1:2.l", "esp:GND.2", "green", [ "h-19.2", "v-86.2" ] ],
      [ "btn1:1.l", "esp:19", "green", [ "h0" ] ],
      [ "esp:18", "led1:A", "green", [ "h0" ] ],
      [ "led1:C", "esp:GND.2", "green", [ "v0" ] ]
    ],
    "dependencies": {}
  }