{
  "version": 1,
  "author": "Anonymous maker",
  "editor": "wokwi",
  "parts": [
    { "type": "board-esp32-devkit-c-v4", "id": "esp", "top": 9.6, "left": -81.56, "attrs": {} },
    { "type": "wokwi-hc-sr04", "id": "ultrasonic1", "top": -36.9, "left": 53.5, "attrs": {} }
  ],
  "connections": [
    [ "esp:TX", "$serialMonitor:RX", "", [] ],
    [ "esp:RX", "$serialMonitor:TX", "", [] ],
    [ "esp:GND.1", "ultrasonic1:GND", "black", [ "h0" ] ],
    [ "esp:18", "ultrasonic1:ECHO", "green", [ "h0" ] ],
    [ "esp:5", "ultrasonic1:TRIG", "green", [ "h0" ] ],
    [ "esp:VN", "ultrasonic1:VCC", "red", [ "h0" ] ]
  ],
  "dependencies": {}
}