{
    "version": 1,
    "author": "Nelly Fananda Melani",
    "editor": "wokwi",
    "parts": [
      { "type": "board-esp32-devkit-c-v4", "id": "esp", "top": 0, "left": 0, "attrs": {} },
      { "type": "wokwi-led", "id": "led1", "top": -61.2, "left": -5.8, "attrs": { "color": "red" } },
      {
        "type": "wokwi-led",
        "id": "led2",
        "top": -61.2,
        "left": 32.6,
        "attrs": { "color": "yellow" }
      },
      { "type": "wokwi-led", "id": "led3", "top": -61.2, "left": 71, "attrs": { "color": "green" } }
    ],
    "connections": [
      [ "esp:TX", "$serialMonitor:RX", "", [] ],
      [ "esp:RX", "$serialMonitor:TX", "", [] ],
      [ "led3:C", "esp:GND.3", "green", [ "v0" ] ],
      [ "led1:C", "esp:GND.3", "green", [ "v0" ] ],
      [ "led2:C", "esp:GND.3", "green", [ "v0" ] ],
      [ "led1:A", "esp:2", "green", [ "v0" ] ],
      [ "led2:A", "esp:4", "green", [ "v0" ] ],
      [ "led3:A", "esp:14", "green", [ "v0" ] ]
    ],
    "dependencies": {}
  }